Name,Age
Katrina,12
Kathryne,15
Sig,91
Hally,47
Doreen,63
Jaquelin,5
Oren,20
Waylon,73
Brenna,13
Rustin,1
Vania,95
Tamqrah,3
Ara,75
Eamon,46
Melly,82
Felike,19
Shannan,78
Currey,34
Pammie,5
Lorianna,81
Vania,26
Cathie,55
Wendall,61
Masha,51
Hermann,98
Adelbert,17
Temp,61
Alfonse,10
Nikolaus,94
Giffie,97
Hall,94
Sarah,94
Teodora,45
Lilith,69
Gale,3
Kale,81
Elroy,73
Walsh,33
Tybie,38
Cos,75
Hale,88
Nahum,53
Evania,66
Byrom,45
Dorella,68
Peggi,10
Emmet,57
Hyacinthia,70
Tiler,45
Lee,21
Pammi,54
Ronica,81
Stevana,42
Ann,3
Vikky,3
Koressa,44
Salomone,38
Ara,20
Onofredo,39
Karlee,57
Sharai,12
Mallory,29
Rustin,85
Jana,45
Orren,98
Linnie,25
Mimi,98
Ferdie,68
Berkly,83
Hernando,3
Nicolas,82
Harlene,10
Shelden,52
Vail,5
Sibylle,89
Enoch,90
Everett,60
Kerianne,4
Stephannie,89
Dominic,85
Corbin,59
Benn,90
Lucille,66
Mariele,7
Walsh,39
Basia,64
Marnia,41
Chas,74
Kennett,87
Shandeigh,14
Barbara,7
Annadiana,96
Fionnula,46
Georgia,41
Ricky,61
Davidde,11
Pandora,97
Maighdiln,67
Laryssa,4
Ilyse,72
